{
  "2601.19898": 45,
  "2601.19887": 35,
  "2601.19884": 35,
  "2601.19850": 45,
  "2601.19849": 45,
  "2601.19843": 45,
  "2601.19821": 35,
  "2601.19798": 45,
  "2601.19795": 35,
  "2601.19785": 65,
  "2601.19776": 35,
  "2601.19771": 10,
  "2601.19753": 45,
  "2601.19750": 65,
  "2601.19743": 10,
  "2601.19717": 65,
  "2601.19712": 45,
  "2601.19694": 45,
  "2601.19690": 10,
  "2601.19686": 45,
  "2601.19683": 35,
  "2601.19680": 45,
  "2601.19659": 45,
  "2601.19640": 35,
  "2601.19634": 45,
  "2601.19618": 10,
  "2601.19606": 45,
  "2601.19593": 10,
  "2601.19582": 35,
  "2601.19580": 35,
  "2601.19577": 45,
  "2601.19557": 5,
  "2601.19526": 10,
  "2601.19519": 15,
  "2601.19506": 45,
  "2601.19498": 10,
  "2601.19489": 45,
  "2601.19488": 45,
  "2601.19484": 65,
  "2601.19461": 15,
  "2601.19446": 5,
  "2601.19433": 65,
  "2601.19430": 65,
  "2601.19425": 45,
  "2601.19403": 35,
  "2601.19380": 10,
  "2601.19378": 10,
  "2601.19365": 10,
  "2601.19349": 5,
  "2601.19325": 45,
  "2601.19318": 15,
  "2601.19314": 25,
  "2601.19310": 10,
  "2601.19309": 35,
  "2601.19303": 10,
  "2601.19295": 45,
  "2601.19294": 35,
  "2601.19266": 25,
  "2601.19262": 45,
  "2601.19247": 65,
  "2601.19246": 5,
  "2601.19236": 45,
  "2601.19233": 45,
  "2601.19228": 65,
  "2601.19222": 35,
  "2601.19216": 15,
  "2601.19210": 45,
  "2601.19204": 45,
  "2601.19180": 85,
  "2601.19157": 45,
  "2601.19155": 35,
  "2601.19136": 10,
  "2601.19133": 10,
  "2601.19129": 45,
  "2601.19128": 15,
  "2601.19127": 35,
  "2601.19117": 45,
  "2601.19115": 85,
  "2601.19114": 15,
  "2601.19112": 45,
  "2601.19103": 5,
  "2601.19099": 45,
  "2601.19090": 45,
  "2601.19089": 45,
  "2601.19060": 65,
  "2601.19048": 65,
  "2601.19042": 5,
  "2601.19036": 35,
  "2601.19014": 10,
  "2601.18997": 10,
  "2601.18993": 65,
  "2601.18970": 45,
  "2601.18948": 10,
  "2601.18934": 45,
  "2601.18929": 10,
  "2601.18923": 35,
  "2601.18900": 45,
  "2601.18891": 10,
  "2601.18739": 45,
  "2601.18733": 15,
  "2601.18714": 10,
  "2601.18707": 35,
  "2601.18698": 45,
  "2601.18692": 35,
  "2601.18678": 45,
  "2601.18670": 5,
  "2601.18633": 65,
  "2601.18631": 65,
  "2601.18625": 35,
  "2601.18623": 35,
  "2601.18619": 25,
  "2601.18612": 10,
  "2601.18597": 35,
  "2601.18589": 45,
  "2601.18585": 85,
  "2601.18577": 65,
  "2601.18564": 35,
  "2601.18560": 10,
  "2601.18556": 10,
  "2601.18555": 10,
  "2601.18547": 35,
  "2601.18543": 85,
  "2601.18532": 10,
  "2601.18525": 45,
  "2601.18851": 45,
  "2601.18849": 45,
  "2601.18493": 45,
  "2601.18491": 35,
  "2601.18475": 45,
  "2601.18464": 5,
  "2601.18451": 45,
  "2601.18448": 15,
  "2601.18845": 35,
  "2601.18414": 10,
  "2601.18407": 35,
  "2601.18396": 10,
  "2601.18392": 10,
  "2601.18386": 35,
  "2601.18842": 45,
  "2601.18385": 35,
  "2601.18372": 35,
  "2601.18368": 5,
  "2601.18346": 45,
  "2601.18340": 65,
  "2601.18336": 45,
  "2601.18330": 5,
  "2601.18321": 45,
  "2601.18305": 45,
  "2601.18301": 25,
  "2601.18263": 15,
  "2601.18260": 10,
  "2601.18252": 45,
  "2601.18250": 10,
  "2601.18242": 15,
  "2601.18240": 10,
  "2601.18238": 65,
  "2601.18228": 25,
  "2601.18222": 45,
  "2601.18219": 5,
  "2601.18195": 45,
  "2601.18192": 35,
  "2601.18190": 45,
  "2601.18188": 45,
  "2601.18172": 15,
  "2601.18168": 10,
  "2601.18157": 45,
  "2601.18135": 35,
  "2601.18121": 45,
  "2601.18118": 5,
  "2601.18100": 45,
  "2601.18099": 35,
  "2601.18098": 35,
  "2601.18088": 15,
  "2601.18058": 15,
  "2601.18049": 10,
  "2601.18045": 10,
  "2601.18008": 35,
  "2601.18001": 10,
  "2601.17987": 45,
  "2601.17977": 10,
  "2601.17950": 45,
  "2601.17947": 5,
  "2601.17939": 10,
  "2601.17934": 10,
  "2601.17933": 45,
  "2601.17927": 85,
  "2601.17918": 10,
  "2601.17917": 45,
  "2601.17905": 45,
  "2601.17900": 35,
  "2601.17895": 35,
  "2601.17885": 45,
  "2601.17883": 10,
  "2601.17880": 10,
  "2601.17868": 45,
  "2601.17866": 45,
  "2601.17862": 10,
  "2601.17857": 35,
  "2601.17835": 45,
  "2601.17830": 85,
  "2601.17818": 65,
  "2601.17791": 10,
  "2601.17756": 65,
  "2601.17747": 25,
  "2601.17743": 45,
  "2601.17741": 45,
  "2601.17740": 65,
  "2601.17737": 65,
  "2601.17733": 45,
  "2601.17723": 45,
  "2601.17720": 45,
  "2601.17706": 65,
  "2601.17703": 10,
  "2601.17697": 65,
  "2601.17693": 35,
  "2601.17689": 35,
  "2601.17679": 5,
  "2601.17673": 45,
  "2601.17666": 65,
  "2601.17657": 45,
  "2601.17645": 45,
  "2601.17586": 15,
  "2601.18821": 45,
  "2601.17571": 10,
  "2601.17568": 15,
  "2601.17566": 15,
  "2601.17555": 45,
  "2601.17545": 10,
  "2601.17536": 35,
  "2601.17535": 45,
  "2601.17529": 10,
  "2601.17504": 5,
  "2601.17489": 45,
  "2601.17470": 45,
  "2601.17468": 45,
  "2601.17460": 10,
  "2601.17429": 5,
  "2601.17420": 45,
  "2601.17414": 5,
  "2601.17408": 35,
  "2601.17405": 10,
  "2601.17399": 15,
  "2601.17391": 15,
  "2601.17388": 65,
  "2601.17383": 45,
  "2601.17366": 5,
  "2601.17361": 45,
  "2601.17354": 45,
  "2601.17352": 10,
  "2601.17350": 45,
  "2601.17349": 45,
  "2601.17342": 35,
  "2601.17340": 65,
  "2601.17336": 5,
  "2601.17331": 10,
  "2601.17330": 35,
  "2601.17326": 35,
  "2601.17323": 65,
  "2601.17315": 5,
  "2601.17290": 10,
  "2601.17288": 10,
  "2601.17279": 15,
  "2601.17271": 35,
  "2601.17259": 85,
  "2601.17258": 35,
  "2601.17254": 35,
  "2601.17237": 45,
  "2601.17228": 10,
  "2601.17221": 45,
  "2601.17216": 25,
  "2601.17211": 5,
  "2601.17194": 25,
  "2601.17185": 35,
  "2601.17165": 10,
  "2601.17151": 10,
  "2601.17124": 85,
  "2601.17123": 45,
  "2601.16982": 65,
  "2601.16981": 65,
  "2601.16973": 45,
  "2601.16954": 10,
  "2601.16950": 5,
  "2601.16933": 65,
  "2601.16914": 45,
  "2601.17107": 10,
  "2601.16900": 10,
  "2601.16895": 10,
  "2601.16885": 35,
  "2601.17103": 5,
  "2601.16874": 45,
  "2601.16836": 85,
  "2601.16834": 5,
  "2601.16811": 65,
  "2601.16788": 35,
  "2601.16782": 5,
  "2601.16780": 35,
  "2601.16773": 35,
  "2601.16771": 45,
  "2601.16763": 35,
  "2601.16759": 5,
  "2601.20742": 65,
  "2601.20732": 65,
  "2601.20722": 30,
  "2601.20720": 15,
  "2601.20707": 45,
  "2601.20689": 45,
  "2601.20675": 45,
  "2601.20661": 35,
  "2601.20656": 10,
  "2601.20650": 45,
  "2601.20642": 65,
  "2601.20618": 45,
  "2601.20601": 10,
  "2601.20598": 35,
  "2601.20597": 45,
  "2601.20575": 0,
  "2601.20564": 45,
  "2601.20552": 65,
  "2601.20540": 45,
  "2601.20526": 45,
  "2601.20524": 35,
  "2601.20520": 65,
  "2601.20511": 85,
  "2601.20504": 65,
  "2601.20503": 5,
  "2601.20499": 65,
  "2601.20461": 45,
  "2601.20433": 45,
  "2601.20430": 65,
  "2601.20429": 45,
  "2601.20425": 65,
  "2601.20419": 65,
  "2601.20385": 45,
  "2601.20383": 45,
  "2601.20369": 35,
  "2601.20366": 5,
  "2601.20364": 45,
  "2601.20355": 45,
  "2601.20354": 85,
  "2601.20351": 10,
  "2601.20347": 5,
  "2601.20333": 15,
  "2601.20331": 45,
  "2601.20325": 35,
  "2601.20318": 10,
  "2601.20310": 85,
  "2601.20308": 45,
  "2601.20306": 45,
  "2601.20304": 10,
  "2601.20303": 45,
  "2601.20302": 10,
  "2601.20301": 35,
  "2601.20297": 45,
  "2601.20705": 45
}