{
  "2601.19498": 10,
  "2601.17868": 45,
  "2601.17733": 45,
  "2601.17857": 35,
  "2601.17673": 45,
  "2601.17917": 40,
  "2601.19606": 45,
  "2601.17883": 15
}