{
  "2601.19498": 10,
  "2601.17868": 45,
  "2601.17733": 45,
  "2601.17857": 35,
  "2601.17673": 45,
  "2601.17917": 40,
  "2601.19606": 45,
  "2601.17883": 15,
  "2601.17666": 85,
  "2601.18543": 85,
  "2601.19115": 90,
  "2601.17927": 85,
  "2601.17259": 85,
  "2601.17124": 85,
  "2601.19795": 35,
  "2601.19785": 79,
  "2601.19577": 39,
  "2601.18260": 10,
  "2601.18168": 10,
  "2601.17830": 85,
  "2601.17340": 45,
  "2601.17228": 10,
  "2601.16836": 85,
  "2601.16811": 45,
  "2601.19750": 45,
  "2601.19506": 45,
  "2601.19433": 85,
  "2601.19295": 45,
  "2601.18585": 85,
  "2601.18851": 45,
  "2601.18407": 10,
  "2601.17323": 45,
  "2601.19717": 65,
  "2601.19484": 45,
  "2601.19461": 10,
  "2601.19247": 65,
  "2601.19048": 45,
  "2601.18993": 45,
  "2601.18970": 45,
  "2601.18451": 45,
  "2601.18346": 45,
  "2601.18321": 45,
  "2601.18188": 45,
  "2601.18157": 35,
  "2601.18088": 35,
  "2601.18049": 10,
  "2601.17905": 45,
  "2601.17657": 45,
  "2601.17470": 45,
  "2601.17388": 45,
  "2601.17211": 10,
  "2601.16982": 65,
  "2601.16981": 85,
  "2601.16874": 39,
  "2601.16763": 45,
  "2601.19712": 45,
  "2601.19204": 45,
  "2601.17706": 65,
  "2601.17679": 5
}